id;name;description;modified_date;created_date;modified_by;created_by
1;Salad Wooden;Card;2023-02-25;2023-02-25;Path calculate;Checking
2;Bacon Auto customized;International;2023-02-25;2023-02-25;South eyeballs;Ergonomic
3;Wooden;Maine Practical mint;2023-02-25;2023-02-25;Berkshire input;Borders
4;e-enable;Italy Assistant microchip;2023-02-25;2023-02-25;tertiary Universal up;Soft transitional
5;Valleys;bypass deposit transmitting;2023-02-25;2023-02-26;national;copying Fish Awesome
6;circuit Buckinghamshire optimal;Denmark Licensed;2023-02-25;2023-02-25;Canada;content
7;data-warehouse;calculating Personal Yen;2023-02-25;2023-02-25;Berkshire generation;Marketing Plastic
8;Games Utah;deposit;2023-02-26;2023-02-25;deposit;Analyst Loan
9;Frozen bypassing;portals composite services;2023-02-25;2023-02-25;Intelligent;firewall Awesome neural-net
10;Denmark Automotive;partnerships withdrawal Polarised;2023-02-26;2023-02-26;Street Bedfordshire Ergonomic;Palau Concrete
