id;check_in;check_out;adult;child;infant;nights;modified_date;created_date;modified_by;created_by
1;2023-02-25;2023-02-26;29686;90316;91089;22562;2023-02-25;2023-02-25;Intranet Table exploit;strategic SMS
2;2023-02-25;2023-02-25;10053;38028;12631;84930;2023-02-25;2023-02-25;Metal;Sleek Bedfordshire orchid
3;2023-02-25;2023-02-25;19632;27802;96405;5390;2023-02-25;2023-02-25;vortals;French Global
4;2023-02-25;2023-02-25;12937;15723;1449;31432;2023-02-25;2023-02-26;blockchains Buckinghamshire function;Practical Functionality Secured
5;2023-02-25;2023-02-25;88389;49865;28315;39867;2023-02-25;2023-02-25;matrix;Architect Cambridgeshire supply-chains
6;2023-02-25;2023-02-25;17985;24952;14120;52438;2023-02-25;2023-02-25;strategy Gorgeous Rupiah;green info-mediaries Zloty
7;2023-02-25;2023-02-25;42130;9977;94089;76217;2023-02-26;2023-02-26;Bacon enterprise didactic;Corporate Lira Norfolk
8;2023-02-25;2023-02-26;31660;65750;63690;61844;2023-02-25;2023-02-26;indigo;Borders Global
9;2023-02-26;2023-02-25;93340;40493;40414;18547;2023-02-25;2023-02-26;Associate;Towels invoice program
10;2023-02-25;2023-02-26;62916;72929;29944;54748;2023-02-25;2023-02-25;Brand Savings;Costa yellow
