id;current_installation;modified_date;created_date;modified_by;created_by
1;multi-byte Representative niches;2023-02-25;2023-02-25;Iceland;override definition enhance
2;Loan Kong ADP;2023-02-25;2023-02-25;engineer back-end Hat;content Games Future
3;primary;2023-02-25;2023-02-25;Metical XSS cross-platform;Wells
4;Producer;2023-02-25;2023-02-25;matrix of;payment Movies Oval
5;Ball connecting functionalities;2023-02-26;2023-02-25;Keyboard Rest Steel;envisioneer Gloves Plastic
6;Expanded Account;2023-02-25;2023-02-25;drive fresh-thinking ivory;Fresh Kids
7;haptic Unbranded;2023-02-25;2023-02-26;Wyoming cyan Cambridgeshire;parse
8;Coordinator application XML;2023-02-26;2023-02-25;Nevada Unbranded transmitter;Internal payment hacking
9;object-oriented Grass-roots;2023-02-25;2023-02-25;sky Tuna Bangladesh;Card
10;Gloves;2023-02-25;2023-02-25;Concrete Chips Rustic;grey
